{"intents": [
        {"tag": "greeting",
         "patterns": ["Hi there", "How are you", "Is anyone there?","Hey","Hola", "Hello", "Good day"],
         "responses": ["Hello, thanks for asking", "Good to see you again", "Hi there, how can I help?","Hi I am here"],
         "context": [""]
        },
        {"tag": "goodbye",
         "patterns": ["Bye", "See you later", "Goodbye", "Nice chatting to you, bye", "Till next time"],
         "responses": ["See you!", "Have a nice day", "Bye! Come back again soon.","See you again"],
         "context": [""]
        },
        {"tag": "thanks",
         "patterns": ["Thanks", "Thank you", "That's helpful", "Awesome, thanks", "Thanks for helping me"],
         "responses": ["Happy to help!", "Any time!", "My pleasure","Welcome again and again"],
         "context": [""]
        },
	{"tag": "love",
         "patterns": ["Love you bot","Love you more","I love you"],
         "responses": ["I too love you", "You are the best", "My love for you is more","Love is blind"],
         "context": [""]
        },
        {"tag": "noanswer",
         "patterns": [],
         "responses": ["Sorry, can't understand you", "Please give me more info", "Not sure I understand","I didn't understand you"],
         "context": [""]
        },
        {"tag": "options",
         "patterns": ["How you could help me?","Help me", "What you can do?", "What help you provide?", "How you can be helpful?", "What support is offered"],
         "responses": ["I am a corona support chatbot , I will guide you in this pandemic situation","You can tell me about your health in this corona pandemic"],
         "context": [""]
        },
        {"tag": "vaccine",
         "patterns": ["How can I book vaccine?", "Where can I get my vaccine", "Where are vaccines available?", "Are vaccines safe?"],
         "responses": ["You can book you vaccines from cowin website - visit this website www.cowin.gov.in"],
         "context": [""]
        },
        {"tag": "medicines",
         "patterns": ["What are the medicines for corona?", "Tell me medicines for corona", "What are neccessary medicines for corona patients?" ],
         "responses": ["The neccessary medicines are Azitromycin,Pantop,Vitamin C tablets - Take this before meal"],
         "context": [""]
        },
        {"tag": "precautions",
         "patterns": ["What are the neccesary precautions for corona avoidance?", "Precautions for covid19", "What should we do to avoid corona?", "Is corona avoidable ?" ],
         "responses": ["Maintain social distance - 2 feet apart , Avoid touching eyes and mouth , Sanitise your hands properply"],
         "context": [""]
        },
        {"tag": "corona",
         "patterns": ["What is corona virus?","What makes corona virus?","Is corona a good virus?"],
         "responses": ["Coronavirus disease (COVID-19) is an infectious disease caused by a newly discovered coronavirus."],
         "context": [""]
        },
        {"tag": "symptoms",
         "patterns": ["Symptoms of corona?", "What are the symptoms of covid19?", "How would I know I am having corona virus?", "How to check if I am having corona virus ?"],
         "responses": ["The common symptoms are fever , dry cough , tiredness . The least common symptoms are headache,diarrhoe,sore throat"],
         "context": [""]
        },
        {"tag": "cases",
         "patterns": ["Number of corona virus cases","Total corona virus cases","What are the total number of corona virus cases?"],
         "responses": ["Visit the website for checking corona meter - https://www.worldometers.info/coronavirus/?utm_campaign=homeAdvegas1?%22%20%5Cl%22countries"],
         "context": [""]
        },
	{"tag": "Music",
         "patterns": ["What is your favourite music?","Music genre","Best music of your choice"],
         "responses": ["My favourite music is - Let me down slowly . Link - https://www.youtube.com/watch?v=50VNCymT-Cs"],
         "context": [""]
        },
	{"tag": "Sanitizer",
         "patterns": ["Is Hand sanitizer effective against covid19?","Is hand santizer good?","What is hand sanitizer?"],
         "responses": ["Washing hands often with soap and water for at least 20 seconds is essential, especially after going to the bathroom; before eating; and after coughing, sneezing, or blowing one’s nose. If soap and water are not available, CDC recommends consumers use an alcohol-based hand sanitizer that contains at least 60% alcohol. "],
         "context": [""]
        },
	{"tag": "Food",
         "patterns": ["Healthy food","Good food for immunity","What are the best meal for covid19?","Is eating good food nice?"],
         "responses": ["Vitamin C rich food like citrus fruits like Amla"],
         "context": [""]
        },
	{"tag": "Mask",
         "patterns": ["What are the mask guidelines for covid19 patients?","Can mask prevent the transmission of covid19?"],
         "responses": ["Yes , wearing a mask can prevent covid19 from spreading ."],
         "context": [""]
        }
   ]
}
